Game,Console,Until,Europe,US
Game,Console,TBD,yes,no
.DETUNED,PS3,TBD,yes,yes
A BOY AND HIS BLOB,PS4,TBD,yes,yes
ABZÛ,PS4,TBD,yes,yes
ACES OF THE LUFTWAFFE,PS4,TBD,yes,yes
ACT IT OUT! A GAME OF CHARADES,PS4,TBD,yes,yes
ACTION HENK,PS4,TBD,yes,no
ADVENTURE TIME: PIRATES OF THE ENCHIRIDION,PS4,TBD,yes,yes
AGATHA CHRISTIE - THE ABC MURDERS,PS4,TBD,yes,yes
AIR CONFLICTS VIETNAM ULTIMATE EDITION,PS4,TBD,yes,yes
AIR CONFLICTS: PACIFIC CARRIERS,PS4,TBD,yes,yes
ALCHEMIC JOUSTS,PS4,TBD,yes,yes
ALEX KIDD IN THE MIRACLE WORLD,PS3,TBD,yes,no
ALEX KIDD IN THE MIRACLE WORLD,PS4,TBD,yes,no
ALIEN RAGE ,PS3,TBD,yes,yes
ALIEN RAGE ,PS4,TBD,yes,yes
ALIEN SPIDY ,PS3,TBD,yes,yes
ALIEN SPIDY ,PS4,TBD,yes,yes
ALIENATION,PS4,TBD,yes,yes
ALTERED BEAST,PS3,TBD,yes,yes
ALTERED BEAST,PS4,TBD,yes,yes
AMAZING DISCOVERIES IN OUTER SPACE,PS4,TBD,yes,yes
ANARCHY: RUSH HOUR,PS3,TBD,yes,yes
ANARCHY: RUSH HOUR,PS4,TBD,yes,yes
ANNA EXTENDED EDITION,PS3,TBD,yes,yes
ANNA EXTENDED EDITION,PS4,TBD,yes,yes
ANODYNE,PS4,TBD,yes,yes
ANOMALY 2,PS4,TBD,yes,yes
ANOMALY WARZONE EARTH,PS3,TBD,yes,yes
ANOMALY WARZONE EARTHAPE ESCAPE 2 (PS2 Classics),PS2/PS4,TBD,yes,no
AQUA PANIC!,PS4,TBD,yes,yes
AQUA PANIC! ,PS3,TBD,yes,yes
AR NOSURGE: ODE TO AN UNBORN STAR,PS3,TBD,yes,yes
AR NOSURGE: ODE TO AN UNBORN STAR,PS4,TBD,yes,yes
ARAGAMI,PS4,TBD,yes,yes
ARC THE LAD: TWILIGHT OF THE SPIRITS (PS2 Classics) ,PS2/PS4,TBD,yes,no
ARCANA HEART 3,PS3,TBD,yes,yes
ARCANA HEART 3,PS4,TBD,yes,yes
ARCANIA THE COMPLETE TALE,PS3,TBD,yes,yes
ARCANIA THE COMPLETE TALE,PS4,TBD,yes,yes
ARMAGEDDON RIDERS,PS3,TBD,yes,yes
ARMAGEDDON RIDERS,PS4,TBD,yes,yes
ASSAULT SUIT LEYNOS,PS4,TBD,yes,yes
ASSETTO CORSA,PS4,TBD,yes,yes
ASURA'S WRATH,PS3,TBD,yes,yes
ASURA'S WRATH,PS4,TBD,yes,yes
ATARI FLASHBACK CLASSICS VOL 1,PS4,TBD,yes,yes
ATARI FLASHBACK CLASSICS VOL. 2,PS4,TBD,yes,yes
ATELIER AYESHA: THE ALCHEMIST OF DUSK,PS3,TBD,yes,no
ATELIER AYESHA: THE ALCHEMIST OF DUSK,PS4,TBD,yes,no
ATELIER ESCHA & LOGY - ALCHEMISTS OF THE DUST SKY,PS3,TBD,yes,no
ATELIER ESCHA & LOGY - ALCHEMISTS OF THE DUST SKY,PS4,TBD,yes,no
ATELIER RORONA PLUS: THE ALCHEMIST OF ARLAND,PS3,TBD,yes,no
ATELIER RORONA PLUS: THE ALCHEMIST OF ARLAND,PS4,TBD,yes,no
ATELIER SHALLIE - ALCHEMISTS OF THE DUSK SEA,PS3,TBD,yes,yes
ATELIER SHALLIE - ALCHEMISTS OF THE DUSK SEA,PS4,TBD,yes,yes
BACK TO BED,PS4,TBD,yes,yes
BAJA: EDGE OF CONTROL HD,PS4,TBD,yes,no
BARD'S GOLD,PS4,TBD,yes,yes
BASEBALL RIOT,PS4,TBD,yes,yes
BATMAN - THE TELLTALE SERIES - EPISODE 1: REALM OF SHADOWS,PS4,TBD,yes,no
BATMAN: ARKHAM ASYLUM GAME OF THE YEAR,PS3,TBD,yes,no
BATMAN: ARKHAM CITY,PS3,TBD,yes,yes
BATMAN: ARKHAM ORIGINS,PS3,TBD,yes,yes
BATTALION COMMANDER,PS4,TBD,yes,yes
BATTLE CHASERS: NIGHTWAR,PS4,TBD,yes,yes
BATTLE PRINCESS OF ARCADIAS,PS3,TBD,yes,yes
BATTLE VS CHESS,PS3,TBD,yes,no
BATTLE WORLDS KRONOS,PS4,TBD,yes,yes
BATTLEBORN,PS4,TBD,yes,no
BATTLEFIELD 4,PS3,TBD,yes,yes
BATTLEFIELDTM HARDLINE,PS3,TBD,yes,no
BEN 10,PS4,TBD,yes,yes
BENTLEY'S HACKPACK,PS3,TBD,yes,yes
BEYOND: TWO SOULS,PS4,TBD,yes,no
BIG SKY:INFINITY ,PS3,TBD,yes,yes
BINARIES,PS4,TBD,yes,no
BIONIC COMMANDO REARMED,PS3,TBD,yes,yes
BIONIC COMMANDO REARMED 2,PS3,TBD,yes,yes
BIOSHOCK,PS3,TBD,yes,yes
BIOSHOCK 2,PS3,TBD,yes,yes
BIOSHOCK INFINITE,PS3,TBD,yes,yes
BLACK KNIGHT SWORD,PS3,TBD,yes,yes
BLACK MIRROR,PS4,TBD,yes,yes
BLADESTORM -  NIGHTMARE,PS3,TBD,yes,yes
BLADESTORM: THE HUNDRED YEARS' WAR,PS3,TBD,yes,yes
BLAST 'EM BUNNIES,PS4,TBD,yes,no
BLAZBLUE CALAMITY TRIGGER,PS3,TBD,yes,yes
BLAZBLUE CHRONOPHANTASMA,PS3,TBD,yes,yes
BLAZBLUE CHRONOPHANTASMA EXTEND,PS4,TBD,yes,yes
BLAZBLUE CONTINUUM SHIFT,PS3,TBD,yes,no
BLAZBLUE CONTINUUM SHIFT EXTEND,PS3,TBD,yes,yes
BLAZERUSH,PS3,TBD,yes,yes
BLOOD BOWL 2,PS4,TBD,yes,yes
BLOOD KNIGHTS,PS3,TBD,yes,yes
BLOODBORNE,PS4,TBD,yes,yes
BLOODRAYNE BETRAYAL,PS3,TBD,yes,no
BODYCOUNT,PS3,TBD,yes,yes
BOKOSUKA WARS II,PS4,TBD,yes,yes
BOLT ,PS3,TBD,yes,yes
BOMBERMAN ULTRA,PS3,TBD,yes,yes
BORDERLANDS 2 ULTIMATE EDITION,PS3,TBD,yes,no
BORDERLANDS GAME OF THE YEAR EDITION ,PS3,TBD,yes,no
BORDERLANDS: THE HANDSOME COLLECTION,PS4,TBD,yes,yes
BORDERLANDS: THE PRE-SEQUEL ULTIMATE EDITION,PS3,TBD,yes,no
BOUND,PS4,TBD,yes,yes
BOUND BY FLAME,PS4,TBD,yes,yes
BRAID,PS3,TBD,yes,yes
BRAWLOUT,PS4,TBD,yes,yes
BRINK ,PS3,TBD,yes,yes
BROKEN AGE,PS4,TBD,yes,yes
BROTHERS: A TALE OF TWO SONS,PS4,TBD,yes,yes
BRUT@L,PS4,TBD,yes,yes
BUBSY: THE WOOLIES STRIKE BACK,PS4,TBD,yes,yes
CAPCOM ARCADE CABINET,PS3,TBD,yes,no
CARMAGEDDON: MAX DAMAGE,PS4,TBD,yes,yes
CARS MATER-NATIONAL,PS3,TBD,yes,no
CARS RACE-O-RAMA,PS3,TBD,yes,yes
CASTLE INVASION: THRONE OUT,PS4,TBD,yes,yes
CASTLESTORM DEFINITIVE EDITION,PS4,TBD,yes,no
CASTLEVANIA LORDS OF SHADOW,PS3,TBD,yes,yes
CASTLEVANIA: HARMONY OF DISPAIR,PS3,TBD,yes,no
CASTLEVANIA: LORDS OF SHADOW - MIRROR OF FATE HD,PS3,TBD,yes,yes
CASTLEVANIA: LORDS OF SHADOW 2,PS3,TBD,yes,yes
CATHERINE,PS3,TBD,yes,yes
CEL DAMAGE HD ,PS3,TBD,yes,yes
CHAMPION JOCKEY: G1 JOCKEY & GALLOP RACER,PS3,TBD,yes,yes
CHESS ULTRA,PS4,TBD,yes,yes
CHRONICLES OF TEDDY: HARMONY OF EXIDUS,PS4,TBD,yes,yes
CITIES: SKYLINES,PS4,TBD,yes,yes
CLOCKWORK TALES: OF GLASS AND INK,PS4,TBD,yes,yes
CLOUDS & SHEEP 2,PS4,TBD,yes,yes
CONTROL,PS4,TBD,yes,yes
COSTUME QUEST 2,PS4,TBD,yes,yes
COUNTERSPY,PS4,TBD,yes,yes
CRASH COMMANDO,PS3,TBD,yes,yes
CRAZY TAXI,PS3,TBD,yes,yes
CRIMSONLAND,PS4,TBD,yes,yes
CRITTER CRUNCH,PS3,TBD,yes,yes
CROIXLEUR SIGMA,PS4,TBD,yes,yes
CUBOID,PS3,TBD,yes,no
DAMNATION,PS3,TBD,yes,yes
DANDARA,PS4,TBD,yes,yes
DANGER ZONE,PS4,TBD,yes,yes
DANGEROUS GOLF,PS4,TBD,yes,yes
DARK ARCANA: THE CARNIVAL,PS4,TBD,yes,yes
DARK CHRONICLE (PS2 Classics),PS2/PS4,TBD,yes,no
DARK CLOUD (PS2 Classics),PS2/PS4,TBD,yes,no
DARK MIST,PS3,TBD,yes,no
DARK VOID,PS3,TBD,yes,yes
DARKSIDERS 2 DEATHINITIVE EDITION,PS4,TBD,yes,no
DARKSIDERS: WARMASTERED EDITION,PS4,TBD,yes,yes
DARKSTALKERS RESURRECTION,PS3,TBD,yes,yes
DAY OF THE TENTACLE REMASTERED,PS4,TBD,yes,yes
DAYTONA USA ,PS3,TBD,yes,no
DE BLOB,PS4,TBD,yes,yes
DE BLOB 2,PS3,TBD,yes,yes
DEAD ISLAND DEFINITIVE EDITION,PS4,TBD,yes,yes
DEAD ISLAND RETRO REVENGE,PS4,TBD,yes,yes
DEAD ISLAND: RIPTIDE,PS3,TBD,yes,yes
DEAD NATION: APOCALYPSE EDITION,PS4,TBD,yes,yes
DEAD OR ALIVE 5 LAST ROUND,PS3,TBD,yes,yes
DEAD OR ALIVE 5 ULTIMATE,PS3,TBD,yes,no
DEAD SPACE 3,PS3,TBD,yes,yes
DEADLIGHT DIRECTOR'S CUT,PS4,TBD,yes,yes
DEADLY PREMONITION: DIRECTORS CUT,PS3,TBD,yes,no
DEATH TRACK: RESURRECTION,PS3,TBD,yes,yes
DECEPTION IV: BLOOD TIES,PS3,TBD,yes,yes
DECEPTION IV: THE NIGHTMARE PRINCESS,PS3,TBD,yes,no
DEFENSE GRID 2,PS4,TBD,yes,yes
DESERT CHILD,PS4,TBD,yes,yes
DESTROY ALL HUMANS! (PS2 Classics),PS2/PS4,TBD,yes,no
DEVIL MAY CRY 4,PS3,TBD,yes,yes
DEVIL MAY CRY HD COLLECTION,PS3,TBD,yes,yes
DIRT 4,PS4,TBD,yes,yes
DIRT RALLY,PS4,TBD,yes,yes
DISGAEA 3: ABSENCE OF JUSTICE,PS3,TBD,yes,yes
DISGAEA 4: A PROMISE UNFORGOTTEN,PS3,TBD,yes,yes
DISGAEA 5: ALLIANCE OF VENGEANCE,PS4,TBD,yes,yes
DISGAEA D2: A BRIGHTER DARKNESS,PS3,TBD,yes,yes
DISHONORED,PS3,TBD,yes,yes
DISHONORED 2,PS4,TBD,yes,yes
DISNEY EPIC MICKEY: THE POWER OF TWO,PS3,TBD,yes,no
DISNEY PIXAR BRAVE,PS3,TBD,yes,no
DISNEY PIXAR CARS 2 THE VIDEOGAME,PS3,TBD,yes,no
DISNEY PIXAR TOY STORY MANIA!,PS3,TBD,yes,no
DISNEY UNIVERSE ULTIMATE EDITION,PS3,TBD,yes,no
DOKI-DOKI UNIVERSE,PS4,TBD,yes,yes
DON BRADMAN CRICKET 14,PS3,TBD,yes,yes
"DON'T DIE, MR. ROBOT!",PS4,TBD,yes,no
DOOM,PS4,TBD,yes,yes
DOUBLE DRAGON NEON,PS3,TBD,yes,yes
DUKE NUKEM FOREVERDYNASTY WARRIORS 6,PS3,TBD,yes,no
DUNGEONS 2,PS4,TBD,yes,yes
DYNAMITE FISHING - WORLD GAMES,PS4,TBD,yes,yes
DYNASTY WARRIORS 6 EMPIRES,PS3,TBD,yes,yes
DYNASTY WARRIORS 7,PS3,TBD,yes,yes
DYNASTY WARRIORS 7 EMPIRES,PS3,TBD,yes,yes
DYNASTY WARRIORS 7 XTREME LEGENDS,PS3,TBD,yes,yes
DYNASTY WARRIORS 8,PS3,TBD,yes,yes
DYNASTY WARRIORS 8: XTREME LEGENDS,PS3,TBD,yes,yes
DYNASTY WARRIORS: STRIKEFORCE,PS3,TBD,yes,yes
EARTH DEFENSE FORCE 4.1: THE SHADOW OF NEW DESPAIR,PS4,TBD,yes,no
EARTH'S DAWN,PS4,TBD,yes,no
EAT THEM! ,PS3,TBD,yes,yes
ECHOCHROME,PS3,TBD,yes,yes
ELECTRONIC SUPER JOY ,PS4,TBD,yes,yes
ELEFUNK,PS3,TBD,yes,yes
ENIGMATIS 2: THE MISTS OF RAVENWOOD,PS4,TBD,yes,no
ENIGMATIS: THE GHOSTS OF MAPLE CREEK,PS4,TBD,yes,yes
ENTWINED,PS4,TBD,yes,yes
ESCAPE PLAN,PS4,TBD,yes,yes
ETHAN: METEOR HUNTER,PS3,TBD,yes,yes
EUFLORIA ,PS3,TBD,yes,yes
EVE: VALKYRIE - WARZONE,PS4,TBD,yes,no
EVENTIDE: SLAVIC FABLE,PS4,TBD,yes,no
EVERYBODY'S GOLF,PS3,TBD,yes,no
EVERYBODY'S GOLF: WORLD TOUR,PS3,TBD,yes,no
EVERYBODY'S GONE TO THE RAPTURE,PS4,TBD,yes,yes
EVERYBODY'S TENNIS (PS2 Classics),PS2/PS4,TBD,yes,no
EXILE'S END,PS4,TBD,yes,yes
EXIST ARCHIVE: THE OTHER SIDE OF THE SKY,PS4,TBD,yes,yes
EXTREME EXORCISM,PS4,TBD,yes,yes
F.E.A.R. FIRST ENCOUNTER ASSAULT RECON,PS3,TBD,yes,no
F1 2014 ,PS3,TBD,yes,yes
F1 2015,PS4,TBD,yes,yes
F1 2016,PS4,TBD,yes,yes
F1 2017,PS4,TBD,yes,yes
F1 2019,PS4,TBD,yes,yes
F1 RACE STARS,PS3,TBD,yes,yes
FAERY : LEGENDS OF AVALON ,PS3,TBD,yes,yes
FAIRY FENCER F ADVENT DARK FORCE,PS4,TBD,yes,yes
FALLOUT 3 ,PS3,TBD,yes,yes
FALLOUT 4,PS4,TBD,yes,yes
FALLOUT: NEW VEGAS ,PS3,TBD,yes,yes
FANTAVISION (PS2 Classics),PS2/PS4,TBD,yes,no
FARMING SIMULATOR 15,PS4,TBD,yes,no
FARMING SIMULATOR 17,PS4,TBD,yes,no
FARMING SIMULATOR 19,PS4,TBD,yes,yes
FAT PRINCESS ADVENTURES,PS4,TBD,yes,no
FIGHTING VIPERS,PS3,TBD,yes,yes
FINAL EXAM ,PS3,TBD,yes,yes
FINAL FIGHT: DOUBLE IMPACT,PS3,TBD,yes,yes
FLOW,PS3,TBD,yes,yes
FLOWER,PS3,TBD,yes,yes
FLUSTER CLUCK,PS4,TBD,yes,yes
FOR HONOR                   ,PS4,TBD,yes,yes
FORBIDDEN SIREN (PS2 Classics),PS2/PS4,TBD,yes,no
FROGGER RETURNS,PS3,TBD,yes,yes
G-FORCE,PS3,TBD,yes,yes
GAL*GUN: DOUBLE PEACE,PS4,TBD,yes,yes
GAROU: MARK OF THE WOLVES,PS4,TBD,yes,yes
GEM SMASHERS,PS4,TBD,yes,yes
GENJI: DAYS OF THE BLADE ,PS3,TBD,yes,no
GET EVEN,PS4,TBD,yes,yes
GIANA SISTERS: TWISTED DREAMS - DIRECTOR'S CUT,PS4,TBD,yes,no
GO! PUZZLE ,PS3,TBD,yes,yes
GOD EATER 2: RAGE BURST,PS4,TBD,yes,yes
GOD OF WAR HD,PS3,TBD,yes,yes
GOD OF WAR II HD,PS3,TBD,yes,no
GOD OF WAR: ASCENSION,PS3,TBD,yes,yes
GOD OF WAR: CHAINS OF OLYMPUS ,PS3,TBD,yes,yes
GOD OF WAR: GHOST OF SPARTA ,PS3,TBD,yes,no
GOD OF WAR® III REMASTERED,PS4,TBD,yes,no
GOLDEN AXE,PS3,TBD,yes,yes
GRAND AGES: MEDIEVAL,PS4,TBD,yes,yes
GRAND KINGDOM,PS4,TBD,yes,yes
GRAVITY CRASH ,PS3,TBD,yes,yes
GRAVITY RUSH 2,PS4,TBD,yes,yes
GRAVITY RUSH REMASTERED,PS4,TBD,yes,yes
GREG HASTINGS PAINTBALL 2,PS3,TBD,yes,yes
GRID 2,PS3,TBD,yes,yes
GRID AUTOSPORT,PS3,TBD,yes,yes
GRIM FANDANGO REMASTERED,PS4,TBD,yes,yes
GRIM LEGENDS: THE FORSAKEN BRIDE,PS4,TBD,yes,no
GUACAMELEE!,PS3,TBD,yes,yes
GUILTY GEAR XRD -REVELATOR-,PS4,TBD,yes,yes
HAKUOKI: STORIES OF THE SHINSENGUMI,PS3,TBD,yes,yes
HAMILTON'S GREAT ADVENTURE,PS3,TBD,yes,yes
HAMSTERBALL,PS3,TBD,yes,yes
HARDWARE: RIVALS,PS4,TBD,yes,yes
HEAVENLY SWORD,PS3,TBD,yes,yes
HEAVY FIRE AFGHANISTAN,PS3,TBD,yes,yes
HEAVY RAIN,PS4,TBD,yes,no
HOHOKUM,PS4,TBD,yes,yes
HOLLOW KNIGHT,PS4,TBD,yes,yes
HOTEL TRANSYLVANIA 3 MONSTERS OVERBOARD,PS4,TBD,yes,yes
HOUSE OF THE DEAD 4  ,PS3,TBD,yes,no
HOW TO SURVIVE - STORM WARNING EDITION,PS4,TBD,yes,no
HUNTED: THE DEMON'S FORGE ,PS3,TBD,yes,yes
HUNTER'S TROPHY 2 - AMERICA ,PS3,TBD,yes,yes
HUNTER'S TROPHY 2 - AUSTRALIA,PS3,TBD,yes,yes
HUSTLE KINGS,PS3,TBD,yes,yes
I AM BREAD,PS4,TBD,yes,yes
"I, ZOMBIE",PS4,TBD,yes,no
IBB & OBB,PS3,TBD,yes,yes
ICO CLASSICS HD ,PS3,TBD,yes,no
IN SPACE WE BRAWL ,PS4,TBD,yes,yes
INFAMOUS,PS3,TBD,yes,yes
INFAMOUS 2,PS3,TBD,yes,yes
INFAMOUS: FESTIVAL OF BLOOD,PS3,TBD,yes,yes
INJUSTICE: GODS AMONG US ULTIMATE EDITION,PS3,TBD,yes,no
INSIDE MY RADIO,PS4,TBD,yes,yes
INVIZIMALS THE LOST KINGDOM,PS3,TBD,yes,yes
IRONCAST,PS4,TBD,yes,yes
JETPACK JOYRIDE DELUXE,PS3,TBD,yes,yes
JOE DANGER 2: THE MOVIE,PS3,TBD,yes,yes
JOE DEVER'S LONE WOLF,PS4,TBD,yes,yes
JOURNEY ,PS3,TBD,yes,yes
JUDGE DEE - THE CITY GOD CASE,PS3,TBD,yes,yes
KICKBEAT SPECIAL EDITION,PS4,TBD,yes,no
KILLZONE 2,PS3,TBD,yes,yes
KILLZONE 3,PS3,TBD,yes,yes
KILLZONE: SHADOW FALL,PS4,TBD,yes,yes
KILLZONE ,PS3,TBD,yes,no
KINETICA (PS2 Classics),PS2/PS4,TBD,yes,no
KING ODDBALL,PS4,TBD,yes,yes
KINGDOM: NEW LANDS,PS4,TBD,yes,yes
KNACK,PS4,TBD,yes,yes
KNYTT UNDERGROUND,PS3,TBD,yes,yes
KRINKLE KRUSHER,PS4,TBD,yes,no
KROMAIA Ω,PS4,TBD,yes,no
KUNG FU RABBIT,PS3,TBD,yes,yes
LEARNING WITH THE POOYOOS - EPISODE 1,PS3,TBD,yes,no
LEGASISTA,PS3,TBD,yes,yes
LEGEND OF KAY ANNIVERSARY,PS4,TBD,yes,yes
LEGO BATMAN 2: DC SUPER HEROES,PS3,TBD,yes,yes
LEGO BATMAN 3: BEYOND GOTHAM,PS4,TBD,yes,yes
LEGO BATMAN: THE VIDEOGAME,PS3,TBD,yes,yes
LEGO HARRY POTTER: YEARS 1-4,PS3,TBD,yes,yes
LEGO HARRY POTTER: YEARS 5-7,PS3,TBD,yes,yes
LEGO STAR WARSTM III: THE CLONE WARSTM,PS3,TBD,yes,no
LEGO STAR WARSTM: THE COMPLETE SAGA,PS3,TBD,yes,no
LEGO WORLDS,PS4,TBD,yes,yes
LEGO® DISNEY PIRATES OF THE CARIBBEAN THE VIDEOGAME,PS3,TBD,yes,no
LEGO® INDIANA JONESTM 2: THE ADVENTURE CONTINUES,PS3,TBD,yes,no
LEGO® INDIANA JONESTM: THE ORIGINAL ADVENTURES,PS3,TBD,yes,no
LEMMINGS,PS3,TBD,yes,yes
LEO'S FORTUNE,PS4,TBD,yes,yes
LIMBO,PS4,TBD,yes,yes
LINGER IN SHADOWS,PS3,TBD,yes,yes
LITTLEBIGPLANET 3,PS3,TBD,yes,yes
LITTLEBIGPLANET 3,PS4,TBD,yes,yes
LOCK'S QUEST,PS4,TBD,yes,yes
LOCOROCO COCORECCHO,PS3,TBD,yes,yes
LOCOROCO REMASTERED,PS4,TBD,yes,yes
LONE SURVIVOR: THE DIRECTOR'S CUT,PS4,TBD,yes,yes
LORDS OF THE FALLEN,PS4,TBD,yes,yes
LOST PLANET,PS3,TBD,yes,no
LOST PLANET 2,PS3,TBD,yes,yes
LOST PLANET 3,PS3,TBD,yes,yes
LOST SEA,PS4,TBD,yes,yes
LOVELY PLANET,PS4,TBD,yes,yes
LUMO,PS4,TBD,yes,no
MACHINARIUM,PS3,TBD,yes,yes
MAFIA 2,PS3,TBD,yes,no
MAFIA III,PS4,TBD,yes,yes
MAGIC ORBZ,PS3,TBD,yes,yes
MAGICKA 2,PS4,TBD,yes,yes
MAGUS,PS3,TBD,yes,yes
MAHJONG TALES : ANCIENT WISDOM,PS3,TBD,yes,yes
MALICIOUS FALLEN,PS4,TBD,yes,yes
MANTIS BURN RACING,PS4,TBD,yes,yes
MARS: WAR LOGS ,PS3,TBD,yes,yes
MARVEL'S SPIDER-MAN,PS4,TBD,yes,yes
MASTERCUBE,PS4,TBD,yes,yes
MEGA MAN 10,PS3,TBD,yes,yes
MEGA MAN 9,PS3,TBD,yes,yes
MEGADIMENSION NEPTUNIA VII,PS4,TBD,yes,yes
METAL GEAR RISING: REVENGEANCE,PS3,TBD,yes,no
METAL GEAR SOLID GROUND ZEROES,PS4,TBD,yes,no
METAL GEAR SOLID HD COLLECTION,PS3,TBD,yes,yes
METAL GEAR SOLID V: THE PHANTOM PAIN,PS4,TBD,yes,yes
METAL SLUG 3,PS4,TBD,yes,yes
METRO 2033 REDUX,PS4,TBD,yes,no
METRO EXODUS,PS4,TBD,yes,yes
METRO: LAST LIGHT REDUX,PS4,TBD,yes,yes
MINUTES,PS4,TBD,yes,yes
MIRROR'S EDGE,PS3,TBD,yes,yes
MITSURUGI KAMUI HIKAE,PS4,TBD,yes,yes
MOMONGA PINBALL ADVENTURES,PS4,TBD,yes,yes
MONKEY ISLAND 2 SPECIAL EDITION: LECHUCK’S REVENGE,PS3,TBD,yes,no
MONSTER ENERGY SUPERCROSS,PS4,TBD,yes,no
MORDHEIM - CITY OF THE DAMNED,PS4,TBD,yes,yes
MORTAL KOMBAT KOMPLETE EDITION,PS3,TBD,yes,no
MOTOGP 15,PS3,TBD,yes,no
MOTOGP 17,PS4,TBD,yes,yes
MOTORCYCLE CLUB,PS3,TBD,yes,yes
MOTORSTORM APOCALYPSE,PS3,TBD,yes,yes
MOTORSTORM RC COMPLETE EDITION,PS3,TBD,yes,yes
MOUNT & BLADE: WARBAND,PS4,TBD,yes,yes
MOUSECRAFT,PS4,TBD,yes,yes
MUDRUNNER,PS4,TBD,yes,yes
MX VS ATV SUPERCROSS ENCORE ,PS4,TBD,yes,yes
MX VS ATV: ALIVE,PS3,TBD,yes,yes
MX VS ATV: UNTAMED,PS3,TBD,yes,yes
MX VS. ATV: REFLEX,PS3,TBD,yes,yes
MXGP – THE OFFICIAL MOTOCROSS VIDEOGAME,PS3,TBD,yes,no
MXGP2 - THE OFFICIAL MOTOCROSS VIDEOGAME,PS4,TBD,yes,yes
MXGP3 – THE OFFICIAL MOTOCROSS VIDEOGAME,PS4,TBD,yes,yes
MYSTERY CHRONICLE: ONE WAY HEROICS,PS4,TBD,yes,yes
NASCAR HEAT 3,PS4,TBD,yes,yes
NASCAR HEAT 4,PS4,TBD,yes,yes
NATURAL DOCTRINE,PS4,TBD,yes,yes
NBA 2K18,PS4,TBD,yes,yes
NEED FOR SPEED RIVALS,PS3,TBD,yes,yes
NEON CHROME,PS4,TBD,yes,yes
NEUROVOIDER,PS4,TBD,yes,yes
NIDHOGG,PS4,TBD,yes,yes
NIGHTMARES FROM THE DEEP 2: THE SIREN`S CALL,PS4,TBD,yes,yes
NIGHTMARES FROM THE DEEP: THE CURSED HEART,PS4,TBD,yes,no
NIGHTS INTO DREAMS,PS3,TBD,yes,yes
NIGHTS OF AZURE,PS4,TBD,yes,yes
NIGHTS OF AZURE 2: BRIDE OF THE NEW MOON,PS4,TBD,yes,yes
NINJA GAIDEN 3: RAZOR'S EDGE,PS3,TBD,yes,yes
NINJA GAIDEN SIGMA 2,PS3,TBD,yes,yes
NINJA PIZZA GIRL,PS4,TBD,yes,no
NO TIME TO EXPLAIN,PS4,TBD,yes,yes
NOBUNAGA'S AMBITION : SPHERE OF INFLUENCE,PS3,TBD,yes,yes
NOM NOM GALAXY,PS4,TBD,yes,yes
NOVA-111,PS4,TBD,yes,yes
NUMBLAST ,PS3,TBD,yes,yes
OBLITERACERS,PS4,TBD,yes,yes
ODDWORLD: STRANGER'S WRATH HD,PS3,TBD,yes,yes
OF ORCS AND MEN,PS3,TBD,yes,no
OKAGE: SHADOW KING (PS2 Classics),PS2/PS4,TBD,yes,no
OLLIOLLI,PS4,TBD,yes,yes
OLLIOLLI2: WELCOME TO OLLIWOOD,PS4,TBD,yes,no
OMEGA_QUINTET,PS4,TBD,yes,yes
OPERATION FLASHPOINT: DRAGON RISING,PS3,TBD,yes,yes
OPERATION FLASHPOINT: RED RIVER,PS3,TBD,yes,yes
ORDER UP!!,PS3,TBD,yes,no
OVERCOOKED! 2,PS4,TBD,yes,yes
OVERLORD II,PS3,TBD,yes,no
OVERLORD RAISING HELL,PS3,TBD,yes,yes
OVERLORD: FELLOWSHIP OF EVIL,PS4,TBD,yes,yes
PAC-MAN CHAMPIONSHIP EDITION 2,PS4,TBD,yes,yes
PAINKILLER HELL & DAMNATION,PS3,TBD,yes,yes
PANG ADVENTURES,PS4,TBD,yes,no
PAPO & YO ,PS3,TBD,yes,yes
PAYDAY 2: CRIMEWAVE EDITION,PS4,TBD,yes,no
PHARAONIC,PS4,TBD,yes,no
PHINEAS AND FERB ACROSS THE 2ND DIMENSION,PS3,TBD,yes,no
PID ,PS3,TBD,yes,no
PILLARS OF ETERNITY: COMPLETE EDITION,PS4,TBD,yes,yes
PIRATES OF THE CARIBBEAN: AT WORLD'S END,PS3,TBD,yes,yes
PIX THE CAT,PS4,TBD,yes,no
PIXEL HEROES: BYTE & MAGIC,PS4,TBD,yes,yes
PIXEL PIRACY,PS4,TBD,yes,yes
PIXELJUNK EDEN FULLY GROWN EDITION,PS3,TBD,yes,no
PIXELJUNK MONSTERS BIG BITE EDITION,PS3,TBD,yes,no
PIXELJUNK RACERS 2ND LAP,PS3,TBD,yes,yes
PIXELJUNK SHOOTER,PS3,TBD,yes,yes
PIXELJUNK SHOOTER 2,PS3,TBD,yes,yes
PIXELJUNK SHOOTER ULTIMATE,PS4,TBD,yes,yes
PIXELJUNK SIDESCROLLER,PS3,TBD,yes,yes
PIYOTAMA,PS3,TBD,yes,yes
PLAGUE ROAD,PS4,TBD,yes,yes
PLANET MINIGOLF,PS3,TBD,yes,yes
PLANETS UNDER ATTACK ,PS3,TBD,yes,yes
PLAYERUNKNOWN'S BATTLEGROUNDS,PS4,TBD,yes,yes
PONCHO,PS4,TBD,yes,yes
POOL NATION,PS3,TBD,yes,yes
PORT ROYALE 3,PS3,TBD,yes,no
PREY,PS4,TBD,yes,yes
PRIMAL (PS2 Classics),PS2/PS4,TBD,yes,no
PROTEUS,PS3,TBD,yes,yes
PUMPED BMX +,PS4,TBD,yes,yes
PUPPETEER ,PS3,TBD,yes,yes
PURE HOLD'EM WORLD POKER CHAMPIONSHIP,PS4,TBD,yes,yes
PURE POOL,PS4,TBD,yes,yes
PUZZLE AGENT,PS3,TBD,yes,yes
Q*BERT REBOOTED,PS4,TBD,yes,yes
QUANTUM THEORY,PS3,TBD,yes,yes
R-TYPE DIMENSIONS,PS3,TBD,yes,yes
RAD RODGERS,PS4,TBD,yes,yes
RAG DOLL KUNG FU: FISTS OF PLASTIC ,PS3,TBD,yes,no
RAGE ,PS3,TBD,yes,yes
RAGNAROK ODYSSEY ACE ,PS3,TBD,yes,yes
RAIDEN IV: OVERKILL,PS3,TBD,yes,yes
RAIDEN V: DIRECTOR'S CUT,PS4,TBD,yes,yes
RAIN,PS3,TBD,yes,yes
RAINBOW MOON,PS4,TBD,yes,yes
RAPALA FISHING: PRO SERIES,PS4,TBD,yes,yes
RATATOUILLE,PS3,TBD,yes,yes
RATCHET & CLANK ALL 4 ONE,PS3,TBD,yes,yes
RATCHET & CLANK NEXUS,PS3,TBD,yes,no
RATCHET & CLANK Q-FORCE,PS3,TBD,yes,no
RATCHET & CLANK: A CRACK IN TIME ,PS3,TBD,yes,yes
RATCHET & CLANK:QUEST FOR BOOTY,PS3,TBD,yes,yes
REAL FARM,PS4,TBD,yes,yes
REALMS OF ANCIENT WAR ,PS3,TBD,yes,yes
REBEL GALAXY,PS4,TBD,yes,yes
RED DEAD REDEMPTION,PS3,TBD,yes,yes
RED DEAD REDEMPTION: UNDEAD NIGHTMARE,PS3,TBD,yes,yes
RED FACTION (PS2 Classics),PS2/PS4,TBD,yes,no
RED FACTION GUERRILLA RE-MARS-TERED,PS4,TBD,yes,no
RED FACTION II (PS2 Classics),PS2/PS4,TBD,yes,no
RED FACTION: GUERRILLA,PS3,TBD,yes,no
RED JOHNSON'S CHRONICLES - ONE AGAINST ALL ,PS3,TBD,yes,yes
RED JOHNSON'S CHRONICLES ,PS3,TBD,yes,no
RENEGADE OPS,PS3,TBD,yes,yes
RESIDENT EVIL CODE:VERONICA X,PS3,TBD,yes,no
RESIDENT EVIL OPERATION RACCOON CITY,PS3,TBD,yes,yes
RESIDENT EVIL REVELATIONS,PS3,TBD,yes,yes
RESIDENT EVIL REVELATIONS 2,PS3,TBD,yes,no
RESIDENT EVIL UMBRELLA CHRONICLES,PS3,TBD,yes,no
RESIDENT EVIL: THE DARKSIDE CHRONICLES,PS3,TBD,yes,no
RESISTANCE 3,PS3,TBD,yes,yes
RESOGUN,PS4,TBD,yes,yes
RETRO CITY RAMPAGE DX,PS3,TBD,yes,yes
RETRO/GRADE ,PS3,TBD,yes,yes
REUS,PS4,TBD,yes,yes
RICOCHET HD,PS3,TBD,yes,yes
RIDE,PS3,TBD,yes,no
RIDE 3,PS4,TBD,yes,yes
RIFF: EVERYDAY SHOOTER,PS3,TBD,yes,no
RISE OF THE ARGONAUTS,PS3,TBD,yes,yes
RISEN 3: TITAN LORDS - ENHANCED EDITION,PS4,TBD,yes,no
RIVE,PS4,TBD,yes,yes
ROCKET LEAGUE,PS4,TBD,yes,yes
ROCKETBIRDS: HARDBOILED CHICKEN,PS3,TBD,yes,yes
ROGUE GALAXY (PS2 Classics),PS2/PS4,TBD,yes,no
ROGUE STORMERS,PS4,TBD,yes,yes
ROMANCE OF THE THREE KINGDOMS 13,PS4,TBD,yes,yes
ROTASTIC ,PS3,TBD,yes,yes
RUNNER 2: A FLAT OUT RUN OF THE RHYTHM ALIEN,PS3,TBD,yes,no
SACRED CITADEL ,PS3,TBD,yes,yes
SAINTS ROW 2,PS3,TBD,yes,yes
SAINTS ROW GAT OUT OF HELL,PS4,TBD,yes,yes
SAINTS ROW IV RE-ELECTED,PS4,TBD,yes,yes
SAM & MAX BTS: EPISODE 1 - ICE STATION SANTA,PS3,TBD,yes,no
SAM & MAX BTS: EPISODE 2 - MOAI BETTER BLUES,PS3,TBD,yes,no
SAM & MAX BTS: EPISODE 3 - NIGHT OF THE RAVING DEAD,PS3,TBD,yes,no
SAM & MAX BTS: EPISODE 4 - CHARIOTS OF THE DOGS,PS3,TBD,yes,no
SAM & MAX BTS: EPISODE 5 - WHAT'S NEW BEELZEBUB?,PS3,TBD,yes,no
SAM & MAX THE DEVIL'S PLAYHOUSE - EP 1,PS3,TBD,yes,no
SAM & MAX THE DEVIL'S PLAYHOUSE - EP 2,PS3,TBD,yes,no
SAM & MAX THE DEVIL'S PLAYHOUSE - EP 3,PS3,TBD,yes,no
SAM & MAX THE DEVIL'S PLAYHOUSE - EP 4,PS3,TBD,yes,no
SAM & MAX THE DEVIL'S PLAYHOUSE - EP 5,PS3,TBD,yes,no
SAMURAI WARRIORS 4,PS3,TBD,yes,yes
SAVAGE MOON,PS3,TBD,yes,yes
SEASONS AFTER FALL,PS4,TBD,yes,yes
SHADOW COMPLEX REMASTERED,PS4,TBD,yes,no
SHADOW OF THE BEAST,PS4,TBD,yes,yes
SHADOW OF THE COLOSSUS CLASSICS HD ,PS3,TBD,yes,no
SHADOW OF THE TOMB RAIDER,PS4,TBD,yes,yes
SHADWEN,PS4,TBD,yes,yes
SHATTER,PS3,TBD,yes,yes
SHERLOCK HOLMES - CRIMES AND PUNISHMENTS,PS4,TBD,yes,no
SHERLOCK HOLMES: THE DEVIL'S DAUGHTER,PS4,TBD,yes,yes
SHINESS: THE LIGHTNING KINGDOM,PS4,TBD,yes,yes
SID MEIER'S CIVILIZATION REVOLUTION,PS3,TBD,yes,yes
SILENT HILL HD COLLECTION,PS3,TBD,yes,yes
SINE MORA EX,PS4,TBD,yes,yes
SIREN BLOOD CURSE,PS3,TBD,yes,no
SKULLGIRLS ENCORE,PS3,TBD,yes,yes
SKY FIGHTER,PS3,TBD,yes,yes
SKYDIVE: PROXIMITY FLIGHT,PS3,TBD,yes,yes
SKYSCRAPPERS,PS4,TBD,yes,yes
SLIME-SAN: SUPERSLIME EDITION ,PS4,TBD,yes,yes
SLY COOPER: THIEVES IN TIME ,PS3,TBD,yes,yes
SMASH CARS,PS3,TBD,yes,yes
SNAKEBALL,PS3,TBD,yes,yes
SNIPER ELITE 3 ULTIMATE EDITION,PS4,TBD,yes,no
SNIPER ELITE 4,PS4,TBD,yes,yes
SNIPER ELITE V2,PS3,TBD,yes,yes
SNIPER GHOST WARRIOR 2,PS3,TBD,yes,yes
SNIPER: GHOST WARRIOR,PS3,TBD,yes,yes
SOLDNER-X 2: FINAL PROTOTYPE,PS3,TBD,yes,yes
SOLDNER-X: HIMMELSSTURMER,PS3,TBD,yes,yes
SOMA,PS4,TBD,yes,yes
SONIC ADVENTURE,PS3,TBD,yes,yes
SONIC ADVENTURE 2,PS3,TBD,yes,yes
SONIC CD,PS3,TBD,yes,yes
SONIC GENERATIONS,PS3,TBD,yes,yes
SONIC THE FIGHTERS,PS3,TBD,yes,yes
SONIC THE HEDGEHOG 4 EPISODE II,PS3,TBD,yes,yes
SONIC THE HEDGEHOG 4: EPISODE 1,PS3,TBD,yes,no
SONIC UNLEASHED,PS3,TBD,yes,yes
SOUL AXIOM,PS4,TBD,yes,yes
SOUND SHAPES,PS4,TBD,yes,yes
SPACE ACE,PS3,TBD,yes,yes
SPARKLE 2,PS4,TBD,yes,yes
SPARKLE UNLEASHED,PS4,TBD,yes,yes
SPEC OPS: THE LINE,PS3,TBD,yes,yes
SPELUNKY ,PS3,TBD,yes,yes
SPLIT/SECOND VELOCITY,PS3,TBD,yes,no
SQUARE HEROES,PS4,TBD,yes,yes
STAR WARS® BOUNTY HUNTERTM (PS2 Classics),PS2/PS4,TBD,yes,no
STAR WARS® JEDI STARFIGHTERTM (PS2 Classics),PS2/PS4,TBD,yes,no
STAR WARS® RACER REVENGETM (PS2 Classics),PS2/PS4,TBD,yes,no
STAR WARSTM: THE FORCE UNLEASHEDTM II,PS3,TBD,yes,no
STAR WARSTM: THE FORCE UNLEASHEDTM: ULTIMATE SITH EDITION,PS3,TBD,yes,no
STARDUST GALAXY WARRIORS: STELLAR CLIMAX,PS4,TBD,yes,no
STARHAWK,PS3,TBD,yes,yes
STARWHAL,PS3,TBD,yes,yes
STEALTH INC 2: A GAME OF CLONES,PS4,TBD,yes,no
STEALTH INC ULTIMATE EDITION,PS4,TBD,yes,no
STEEP,PS4,TBD,yes,yes
STEREDENN: BINARY STARS,PS4,TBD,yes,no
STICK IT TO THE MAN,PS4,TBD,yes,yes
STIKBOLD! A DODGEBALL ADVENTURE,PS4,TBD,yes,yes
STRIDER,PS4,TBD,yes,yes
STRIKE SUIT ZERO: DIRECTOR'S CUT,PS4,TBD,yes,yes
STRONG BAD'S COOL GAME FOR ATTRACTIVE PEOPLE - EPISODE 1,PS3,TBD,yes,no
STRONG BAD'S COOL GAME FOR ATTRACTIVE PEOPLE - EPISODE 2,PS3,TBD,yes,no
STRONG BAD'S COOL GAME FOR ATTRACTIVE PEOPLE - EPISODE 3,PS3,TBD,yes,no
STRONG BAD'S COOL GAME FOR ATTRACTIVE PEOPLE - EPISODE 4,PS3,TBD,yes,no
STRONG BAD'S COOL GAME FOR ATTRACTIVE PEOPLE - EPISODE 5,PS3,TBD,yes,no
STYX: MASTER OF SHADOWS,PS4,TBD,yes,no
STYX: SHARDS OF DARKNESS,PS4,TBD,yes,yes
SUPER EXPLODING ZOO!,PS4,TBD,yes,no
SUPER HANG-ON,PS3,TBD,yes,yes
SUPER MEGA BASEBALL,PS4,TBD,yes,yes
SUPER PUZZLE FIGHTER II TURBO HD REMIX,PS3,TBD,yes,yes
SUPER STAR WARS,PS4,TBD,yes,yes
SUPER STARDUST ULTRA,PS4,TBD,yes,no
SUPER TOY CARS,PS4,TBD,yes,yes
SURGEON SIMULATOR: ANNIVERSARY EDITION,PS4,TBD,yes,no
SYBERIA,PS3,TBD,yes,yes
SYBERIA 2,PS3,TBD,yes,no
SÉBASTIEN LOEB RALLY EVO,PS4,TBD,yes,yes
TACHYON PROJECT,PS4,TBD,yes,yes
TALES FROM SPACE: ABOUT A BLOB,PS3,TBD,yes,yes
TALES FROM SPACE: MUTANT BLOBS ATTACK,PS3,TBD,yes,yes
TALES OF ZESTIRIA,PS4,TBD,yes,yes
TEARAWAY UNFOLDED,PS4,TBD,yes,yes
TENNIS IN THE FACE,PS4,TBD,yes,yes
TERRARIA,PS4,TBD,yes,yes
TESLAGRAD,PS4,TBD,yes,no
TETRAMINOS,PS4,TBD,yes,yes
THE AWAKENED FATE ULTIMATUM,PS3,TBD,yes,yes
THE BOOK OF UNWRITTEN TALES 2,PS3,TBD,yes,yes
THE BUG BUTCHER,PS4,TBD,yes,yes
THE DARKNESS II ,PS3,TBD,yes,no
THE DARKNESS ,PS3,TBD,yes,yes
THE DWARVES,PS4,TBD,yes,yes
THE ELDER SCROLLS IV: OBLIVION ,PS3,TBD,yes,no
THE ELDER SCROLLS ONLINE: TAMRIEL UNLIMITED,PS4,TBD,yes,no
THE EVIL WITHIN,PS4,TBD,yes,yes
THE EVIL WITHIN 2,PS4,TBD,yes,yes
THE FINAL STATION,PS4,TBD,yes,yes
THE GUIDED FATE PARADOX,PS3,TBD,yes,yes
THE HOUSE OF THE DEAD 3  ,PS3,TBD,yes,yes
THE HOUSE OF THE DEAD: OVERKILL EXTENDED CUT    ,PS3,TBD,yes,yes
THE KEEPER OF 4 ELEMENTS,PS4,TBD,yes,yes
THE KING OF FIGHTERS XIII ,PS3,TBD,yes,yes
THE LAST GUY,PS3,TBD,yes,yes
THE LAST OF US,PS3,TBD,yes,yes
THE LAST OF US: LEFT BEHIND,PS3,TBD,yes,yes
THE LAST TINKER: CITY OF COLORS,PS4,TBD,yes,no
THE LEGO MOVIE VIDEOGAME,PS3,TBD,yes,yes
THE METRONOMICON: SLAY THE DANCE FLOOR,PS4,TBD,yes,yes
THE RAVEN REMASTERED,PS4,TBD,yes,yes
THE RAVEN: LEGACY OF A MASTER THIEF,PS3,TBD,yes,yes
THE SECRET OF MONKEY ISLAND: SPECIAL EDITION,PS3,TBD,yes,no
THE SLY TRILOGY,PS3,TBD,yes,no
THE SPECTRUM RETREAT,PS4,TBD,yes,yes
THE SURGE,PS4,TBD,yes,yes
THE SWAPPER,PS4,TBD,yes,yes
THE SWINDLE,PS4,TBD,yes,yes
THE TOWN OF LIGHT,PS4,TBD,yes,no
THE TREAUSRES OF MONTEZUMA 4,PS4,TBD,yes,no
THE VANISHING OF ETHAN CARTER,PS4,TBD,yes,yes
THE WITCH AND THE HUNDRED KNIGHT,PS3,TBD,yes,no
THE WOLF AMONG US,PS3,TBD,yes,yes
THIS WAR OF MINE: THE LITTLE ONES,PS4,TBD,yes,yes
THOMAS WAS ALONE,PS4,TBD,yes,yes
TINY TROOPERS JOINT OPS,PS4,TBD,yes,no
TITAN QUEST,PS4,TBD,yes,yes
TOKI TORI 2+TOKYO XANADU EX+,PS4,TBD,yes,no
TOKYO JUNGLE,PS3,TBD,yes,yes
TOM CLANCY'S RAINBOW SIX SIEGE,PS4,TBD,yes,yes
TORMENT: TIDES OF NUMENER,PS4,TBD,yes,no
TOUHOU: SCARLET CURIOSITY,PS4,TBD,yes,yes
TOUKIDEN 2,PS4,TBD,yes,yes
TOUKIDEN: KIWAMI,PS4,TBD,yes,yes
TOUR DE FRANCE 2017,PS4,TBD,yes,no
TOY HOME,PS3,TBD,yes,yes
TOYBOX TURBOS,PS3,TBD,yes,yes
TRASH PANIC,PS3,TBD,yes,yes
TRICKY TOWERS,PS4,TBD,yes,yes
TRINE,PS3,TBD,yes,yes
TRINITY: SOULS OF ZILL O'LL,PS3,TBD,yes,yes
TRON : EVOLUTION,PS3,TBD,yes,yes
TRON RUN/R,PS4,TBD,yes,yes
TROPICO 5,PS4,TBD,yes,yes
TRUCK RACER,PS3,TBD,yes,yes
TWISTED METAL,PS3,TBD,yes,yes
TWO WORLDS II,PS3,TBD,yes,no
ULTRA STREET FIGHTER IV,PS4,TBD,yes,yes
ULTRATRON ,PS4,TBD,yes,no
UNCHARTED 2: AMONG THIEVES ,PS3,TBD,yes,yes
UNCHARTED 3: DRAKE'S DECEPTION GAME OF THE YEAR EDITION,PS3,TBD,yes,yes
UNCHARTED: DRAKE'S FORTUNE,PS3,TBD,yes,yes
UNFINISHED SWAN,PS4,TBD,yes,no
UNTIL DAWN,PS4,TBD,yes,yes
URBAN TRIAL FREESTYLE ,PS3,TBD,yes,yes
VALENTINO ROSSI THE GAME ,PS4,TBD,yes,no
VAMPYR,PS4,TBD,yes,yes
VEGAS PARTY,PS4,TBD,yes,yes
VELOCIBOX,PS4,TBD,yes,yes
VELOCITY 2X,PS4,TBD,yes,yes
VELOCITY ULTRA,PS3,TBD,yes,yes
VESSEL,PS3,TBD,yes,yes
VICTOR VRAN OVERKILL EDITION,PS4,TBD,yes,no
VIKINGS - WOLVES OF MIDGARD,PS4,TBD,yes,yes
VIRTUA FIGHTER 2,PS3,TBD,yes,yes
VIRTUA FIGHTER 5 FINAL SHOWDOWN,PS3,TBD,yes,yes
WAKEBOARDING HD,PS3,TBD,yes,yes
WARHAMMER: END TIMES - VERMINTIDE,PS4,TBD,yes,no
WARRIORS ALL-STARS,PS4,TBD,yes,yes
WARRIORS OROCHI 3,PS3,TBD,yes,yes
WARRIORS: LEGENDS OF TROY,PS3,TBD,yes,yes
WASTELAND 2: DIRECTOR'S CUT,PS4,TBD,yes,yes
WET ,PS3,TBD,yes,yes
WHEN VIKINGS ATTACK! ,PS3,TBD,yes,yes
WHISPERING WILLOWS,PS4,TBD,yes,yes
WHITE KNIGHT CHRONICLES 2,PS3,TBD,yes,no
WHITE KNIGHT CHRONICLES ,PS3,TBD,yes,yes
WILD ARMS 3 (PS2 Classics),PS2/PS4,TBD,yes,no
WILD GUNS RELOADED ,PS4,TBD,yes,yes
WOLFENSTEIN 2: THE NEW COLOSSUS,PS4,TBD,yes,no
WOLFENSTEIN: THE NEW ORDER,PS3,TBD,yes,yes
WOLFENSTEIN: THE NEW ORDER,PS4,TBD,yes,yes
WOLFENSTEIN: THE OLD BLOOD,PS4,TBD,yes,yes
WORLD TO THE WEST,PS4,TBD,yes,yes
WRC 5 FIA WORLD RALLY CHAMPIONSHIP ,PS4,TBD,yes,yes
WUPPO,PS4,TBD,yes,yes
WWE 2K18,PS4,TBD,yes,yes
X BLADES,PS3,TBD,yes,no
XCOM 2,PS4,TBD,yes,yes
XCOM: ENEMY WITHIN,PS3,TBD,yes,yes
YAIBA: NINJA GAIDEN Z,PS3,TBD,yes,yes
YAKUZA 4,PS3,TBD,yes,yes
YAKUZA 5,PS3,TBD,yes,yes
YAMAYAMA,PS4,TBD,yes,no
YESTERDAY ORIGINS,PS4,TBD,yes,no
ZACK ZERO,PS3,TBD,yes,yes
ZEN PINBALL 2,PS3,TBD,yes,no
ZENO CLASH 2 ,PS3,TBD,yes,no
ZIGGURAT,PS4,TBD,yes,yes
ZOMBIE TYCOON 2 - BRAINHOV'S REVENGE,PS3,TBD,yes,no
ZOMBIE VIKINGS,PS4,TBD,yes,yes
100ft Robot Golf,unknown,TBD,no,yes
11-11 Memories Retold,unknown,TBD,no,yes
8-Bit Armies,unknown,TBD,no,yes
A Bastard’s Tale,unknown,TBD,no,yes
Active Soccer 2 DX,unknown,TBD,no,yes
Adam’s Venture: Origins,unknown,TBD,no,yes
ADR1FT,unknown,TBD,no,yes
Aegis of Earth: Protonovus Assault,unknown,TBD,no,yes
Air Conflicts - Secret Wars,unknown,TBD,no,yes
Air Conflicts: Vietnam,unknown,TBD,no,yes
AKIBA'S BEAT,unknown,TBD,no,yes
Akiba's Trip: Undead and Undressed,unknown,TBD,no,yes
Alex Kidd in Miracle World,unknown,TBD,no,yes
All Zombies Must Die!,unknown,TBD,no,yes
Alone in the Dark: Inferno,unknown,TBD,no,yes
Another World: 20th Anniversary Edition,unknown,TBD,no,yes
APB Reloaded,unknown,TBD,no,yes
Ape Escape 2,unknown,TBD,no,yes
Arc the Lad: Twilight of the Spirits,unknown,TBD,no,yes
Arcana Heart 3: Love Max!!!,unknown,TBD,no,yes
Asdivine Hearts,unknown,TBD,no,yes
Atelier Ayesha,unknown,TBD,no,yes
Atelier Escha & Logy,unknown,TBD,no,yes
Atelier Rorona Plus,unknown,TBD,no,yes
Azkend 2,unknown,TBD,no,yes
Backgammon Blitz,unknown,TBD,no,yes
Baja: Edge of Control,unknown,TBD,no,yes
Bang Bang Racing,unknown,TBD,no,yes
Batman: Arkam Asylum,unknown,TBD,no,yes
Battle Fantasia,unknown,TBD,no,yes
BATTLE OF TILES EX,unknown,TBD,no,yes
Battlefield Hardline,unknown,TBD,no,yes
Bellator MMA Onslaught,unknown,TBD,no,yes
BEYOND: Two Souls with Advanced Experiments DLC,unknown,TBD,no,yes
BIT.TRIP Presents... Runner2: Future Legend of Rhythm Alien,unknown,TBD,no,yes
BlazBlue: Central Fiction,unknown,TBD,no,yes
BloodRayne: Betryal,unknown,TBD,no,yes
Bombing Busters,unknown,TBD,no,yes
Borderlands: Ultimate Edition,unknown,TBD,no,yes
Brave,unknown,TBD,no,yes
Brick Breaker,unknown,TBD,no,yes
Bridge Constructor,unknown,TBD,no,yes
Burn Zombie Burn: The Diarrhea Bundle,unknown,TBD,no,yes
Capcom Arcade Cabinet: All-in-One-Pack,unknown,TBD,no,yes
Cars 2: The Video Game,unknown,TBD,no,yes
Cars: Mater-National Championship,unknown,TBD,no,yes
Cartoon Network Battle Crashers,unknown,TBD,no,yes
Castlevania Harmony of Despair,unknown,TBD,no,yes
Chime Super Deluxe,unknown,TBD,no,yes
Choplifter HD,unknown,TBD,no,yes
Class of Heroes 2G,unknown,TBD,no,yes
Comet Crash Bionic Bundle,unknown,TBD,no,yes
Comix Zone,unknown,TBD,no,yes
Cuboid Ultimate Bundle,unknown,TBD,no,yes
Dark Cloud,unknown,TBD,no,yes
Dark Cloud 2,unknown,TBD,no,yes
Dark Rose Valkyrie,unknown,TBD,no,yes
Dark Sector,unknown,TBD,no,yes
Darksiders II Deathfinitive Edition,unknown,TBD,no,yes
Dead to Rights: Retribution,unknown,TBD,no,yes
Deadliest Warrior: Legends,unknown,TBD,no,yes
Deadliest Warrior: The Game,unknown,TBD,no,yes
Deception: Nightmare Princess IV,unknown,TBD,no,yes
Derrick the Deathfin,unknown,TBD,no,yes
Destroy All Humans!,unknown,TBD,no,yes
Destroy All Humans! 2,unknown,TBD,no,yes
Disney Universe,unknown,TBD,no,yes
Disney's Epic Mickey 2,unknown,TBD,no,yes
Divekick,unknown,TBD,no,yes
Doc Clock: The Toasted Sandwich of Time,unknown,TBD,no,yes
Dogfight 1942,unknown,TBD,no,yes
Dragon Fin Soup,unknown,TBD,no,yes
Dragon's Lair,unknown,TBD,no,yes
Dragon's Lair II: Time Warp,unknown,TBD,no,yes
Ducati – 90th Anniversary,unknown,TBD,no,yes
Duke Nukem Forever,unknown,TBD,no,yes
Dynasty Warriors 6,unknown,TBD,no,yes
Earth Defense Force 4.1,unknown,TBD,no,yes
Earth Defense Force 2025,unknown,TBD,no,yes
Earth Defense Force: Insect Armaggedon,unknown,TBD,no,yes
Eat Lead: The Return of Matt Hazard,unknown,TBD,no,yes
Enemy Front,unknown,TBD,no,yes
Enslaved: Odyssey to the West,unknown,TBD,no,yes
Escape Dead Island,unknown,TBD,no,yes
Eternal Sonata,unknown,TBD,no,yes
Everyday Shooter,unknown,TBD,no,yes
Fantavision,unknown,TBD,no,yes
F.E.A.R. (Campaign Mode),unknown,TBD,no,yes
Farming Simulator,unknown,TBD,no,yes
Firefighters: The Simulation,unknown,TBD,no,yes
Forestry 2017 - The Simulation,unknown,TBD,no,yes
Fuel Overdose,unknown,TBD,no,yes
Galaga Legions DX,unknown,TBD,no,yes
Ghostbusters: Sanctum of Slime,unknown,TBD,no,yes
Giana Sisters: Twisted Dreams,unknown,TBD,no,yes
God Eater Resurrection,unknown,TBD,no,yes
God of War II,unknown,TBD,no,yes
God Of War 3 Remastered,unknown,TBD,no,yes
God of War: Ghosts of Sparta,unknown,TBD,no,yes
Goosebumps: The Game,unknown,TBD,no,yes
GO! Sports Ski,unknown,TBD,no,yes
Guilty Gear Xrd -SIGN-,unknown,TBD,no,yes
Guilty Gear Xrd Rev 2,unknown,TBD,no,yes
Handball 16,unknown,TBD,no,yes
Harvest Moon: A Wonderful Life Spec Ed,unknown,TBD,no,yes
Harvest Moon: Save the Homeland,unknown,TBD,no,yes
Heavy Fire: Shattered Spear,unknown,TBD,no,yes
Heavy Rain - with The Taxidermist DLC,unknown,TBD,no,yes
High Stakes on the Vegas Strip: Poker Edition,unknown,TBD,no,yes
Hoard,unknown,TBD,no,yes
Homefront,unknown,TBD,no,yes
Homefront: The Revolution,unknown,TBD,no,yes
Hot Shots Golf: Out of Bounds,unknown,TBD,no,yes
Hot Shots Golf: World Invitational,unknown,TBD,no,yes
Hot Shots Tennis,unknown,TBD,no,yes
How to Survive,unknown,TBD,no,yes
ICO,unknown,TBD,no,yes
Industry Giant 2,unknown,TBD,no,yes
Injustice: Gods Among Us,unknown,TBD,no,yes
Interpol: The Trail of Dr. Chaos,unknown,TBD,no,yes
Jeremy McGrath's Offroad,unknown,TBD,no,yes
Jimmie Johnson’s Anything with an Engine,unknown,TBD,no,yes
Jumpjet Rex,unknown,TBD,no,yes
Just Cause 4,unknown,TBD,no,yes
Karateka,unknown,TBD,no,yes
Katamari Forever,unknown,TBD,no,yes
Killzone HD,unknown,TBD,no,yes
Kinetica,unknown,TBD,no,yes
Last Tinker: City of Colors,unknown,TBD,no,yes
Lead and Gold: Gangs of the Wild West,unknown,TBD,no,yes
LEGO Indiana Jones: The Original Adventures,unknown,TBD,no,yes
LEGO Indiana Jones: The Adventure Continues,unknown,TBD,no,yes
LEGO Pirates of the Caribbean,unknown,TBD,no,yes
LEGO Star Wars: The Complete Saga,unknown,TBD,no,yes
LEGO Star Wars 3: The Clone Wars,unknown,TBD,no,yes
Lost Planet: Extreme Edition,unknown,TBD,no,yes
LUMINES Supernova,unknown,TBD,no,yes
Mafia II,unknown,TBD,no,yes
Majin and the Forsaken Kingdom,unknown,TBD,no,yes
Mamorukun Curse!,unknown,TBD,no,yes
Marvel Puzzle Quest: Dark Reign,unknown,TBD,no,yes
Matt Hazard: Blood Bath & Beyond,unknown,TBD,no,yes
Metal Gear Rising Revengeance UE,unknown,TBD,no,yes
Metal Gear Solid V: Ground Zeroes,unknown,TBD,no,yes
Metro: Last Light – Complete Edition,unknown,TBD,no,yes
Mighty No. 9,unknown,TBD,no,yes
Miko Gakkou Monogatari: Kaede Episode,unknown,TBD,no,yes
Monkey Island: Special Edition,unknown,TBD,no,yes
Monkey Island 2: Special Edition,unknown,TBD,no,yes
Monster Energy Supercross - The Official Videogame,unknown,TBD,no,yes
Mortal Kombat,unknown,TBD,no,yes
Moto GP 13,unknown,TBD,no,yes
Moto Racer 4,unknown,TBD,no,yes
Narco Terror,unknown,TBD,no,yes
NBA 2K Playgrounds 2,unknown,TBD,no,yes
Ni No Kuni: Wrath of the White Witch,unknown,TBD,no,yes
Ninja Gaiden 3,unknown,TBD,no,yes
Ninja Gaiden Sigma,unknown,TBD,no,yes
Nitro+ Blasterz: Heroines Infinite Duel,unknown,TBD,no,yes
Okabu,unknown,TBD,no,yes
Okage: Shadow King,unknown,TBD,no,yes
OlliOlli 2,unknown,TBD,no,yes
One Upon Light,unknown,TBD,no,yes
Onechanbara Z2: Chaos,unknown,TBD,no,yes
Overlord 2,unknown,TBD,no,yes
PAC-MAN Championship Edition DX,unknown,TBD,no,yes
Payday 2,unknown,TBD,no,yes
Penny Arcade Adventures: On the Rain-Slick Precipice of Darkness: Episode 1,unknown,TBD,no,yes
Penny Arcade Adventures: On the Rain-Slick Precipice of Darkness: Episode 2,unknown,TBD,no,yes
Phineas and Ferb: Across the Second Dimension,unknown,TBD,no,yes
PID (Peculiar Destination),unknown,TBD,no,yes
PixelJunk Eden Encore,unknown,TBD,no,yes
PixelJunk Monsters,unknown,TBD,no,yes
PixelJunk Monsters Encore,unknown,TBD,no,yes
Port Royale 3: Gold,unknown,TBD,no,yes
Primal,unknown,TBD,no,yes
Professional Farmer 2017,unknown,TBD,no,yes
Project Cars,unknown,TBD,no,yes
Project Cars 2,unknown,TBD,no,yes
Rag Doll Kung Fu: Fists of Plastic (Single Player Only),unknown,TBD,no,yes
Ratchet & Clank: Full Frontal Assault,unknown,TBD,no,yes
Ratchet & Clank: Into the Nexus,unknown,TBD,no,yes
Record of Agarest War,unknown,TBD,no,yes
Record of Agarest War 2,unknown,TBD,no,yes
Record of Agarest War Zero,unknown,TBD,no,yes
Red Faction,unknown,TBD,no,yes
Red Faction 2,unknown,TBD,no,yes
Red Faction Battlegrounds,unknown,TBD,no,yes
Red Faction: Guerilla,unknown,TBD,no,yes
Red Faction Guerilla Re-MARS-tered,unknown,TBD,no,yes
Red Johson's Chronicles,unknown,TBD,no,yes
Resident Evil 4,unknown,TBD,no,yes
Resident Evil 5: Gold Edition,unknown,TBD,no,yes
Resident Evil 6,unknown,TBD,no,yes
Resident Evil Code Veronica X HD,unknown,TBD,no,yes
Resident Evil Revelations 2 Complete Season,unknown,TBD,no,yes
Resident Evil: The Darkside Chronicles HD,unknown,TBD,no,yes
Resident Evil: The Umbrella Chronicles HD,unknown,TBD,no,yes
Revenge of Shinobi,unknown,TBD,no,yes
Risen 3: Titan Lords – Complete Edition,unknown,TBD,no,yes
Rocket Knight,unknown,TBD,no,yes
Rogue Galaxy,unknown,TBD,no,yes
Rogue Warrior,unknown,TBD,no,yes
Rugby 15,unknown,TBD,no,yes
Rugby World Cup 2015,unknown,TBD,no,yes
Rune Factory: Tides of Destiny,unknown,TBD,no,yes
Sacred 3: Gold Edition,unknown,TBD,no,yes
Saints Row The Third,unknown,TBD,no,yes
Saints Row IV,unknown,TBD,no,yes
Sam & Max The Devil's Playhouse,unknown,TBD,no,yes
Sam & Max: Beyond Time and Space,unknown,TBD,no,yes
SEGA Bass Fishing,unknown,TBD,no,yes
Shadow of the Colossus,unknown,TBD,no,yes
Siegecraft Commander,unknown,TBD,no,yes
Siren,unknown,TBD,no,yes
Siren: Blood Curse Episodes 1-12,unknown,TBD,no,yes
Skydrift,unknown,TBD,no,yes
Slender: The Arrival,unknown,TBD,no,yes
Sly Cooper Collection,unknown,TBD,no,yes
Sniper Elite III,unknown,TBD,no,yes
Sonic The Hedgehog 4 Episode I,unknown,TBD,no,yes
Spelunker HD,unknown,TBD,no,yes
Split Second,unknown,TBD,no,yes
StarDrone,unknown,TBD,no,yes
Star Raiders,unknown,TBD,no,yes
Star Wars: Bounty Hunter,unknown,TBD,no,yes
Star Wars: Jedi Starfighter,unknown,TBD,no,yes
Star Wars: Racer Revenge,unknown,TBD,no,yes
Star Wars The Force Unleashed – Ultimate Sith Edition,unknown,TBD,no,yes
Star Wars The Force Unleashed 2,unknown,TBD,no,yes
Stealth Inc: A Clone in the Dark,unknown,TBD,no,yes
Street Fighter 3 Third-Strike Online Edition,unknown,TBD,no,yes
Strong Bad's Cool Game for Attractive People,unknown,TBD,no,yes
Super Dungeon Bros,unknown,TBD,no,yes
Super Stacker Party,unknown,TBD,no,yes
Super Stardust HD,unknown,TBD,no,yes
Super Street Fighter II Turbo HD Remix,unknown,TBD,no,yes
Surgeon Simulator,unknown,TBD,no,yes
Syberia II,unknown,TBD,no,yes
Table Top Racing: World Tour,unknown,TBD,no,yes
Technomancer,unknown,TBD,no,yes
Tekken 7,unknown,TBD,no,yes
Tekken Tag Tournament 2,unknown,TBD,no,yes
THE BACONING,unknown,TBD,no,yes
The Darkness 2,unknown,TBD,no,yes
The Deer God,unknown,TBD,no,yes
The Elder Scrolls IV: Oblivion GOTY Edition,unknown,TBD,no,yes
The Elder Scrolls Online,unknown,TBD,no,yes
The Golf Club 2019 Featuring PGA Tour,unknown,TBD,no,yes
The House of the Dead 4,unknown,TBD,no,yes
The Last Blade 2,unknown,TBD,no,yes
The Legend of Heroes: Trails of Cold Steel,unknown,TBD,no,yes
The Legend of Heroes: Trails of Cold Steel II,unknown,TBD,no,yes
The Treasures of Montezuma 4,unknown,TBD,no,yes
The UnderGardenTM,unknown,TBD,no,yes
The Unfinished Swan,unknown,TBD,no,yes
The Witch and the Hundred Knight: Revival Edition,unknown,TBD,no,yes
This is the Police,unknown,TBD,no,yes
Thunder Wolves,unknown,TBD,no,yes
Tiny Brains,unknown,TBD,no,yes
Titan Attacks!,unknown,TBD,no,yes
Tokyo Twilight Ghost Hunters Daybreak Edition,unknown,TBD,no,yes
Torment: Tides of Numenera,unknown,TBD,no,yes
Touhou Genso Rondo: Bullet Ballet,unknown,TBD,no,yes
Tour de France 2015,unknown,TBD,no,yes
Tour de France 2016,unknown,TBD,no,yes
Toy Story Mania,unknown,TBD,no,yes
Umbrella Corps,unknown,TBD,no,yes
Under Night In-Birth Exe:Late,unknown,TBD,no,yes
Valkyria Chronicles Remastered,unknown,TBD,no,yes
Voodoo Chronicles: The First Sign,unknown,TBD,no,yes
Warlords,unknown,TBD,no,yes
Way of the Samurai 3,unknown,TBD,no,yes
Way of the Samurai 4,unknown,TBD,no,yes
Wild ARMs 3,unknown,TBD,no,yes
Wizardry: Labyrinth of Lost Souls,unknown,TBD,no,yes
Wolfenstein II: The New Colossus,unknown,TBD,no,yes
WRC 4: FIA World Rally Championship,unknown,TBD,no,yes
WWE 2K16,unknown,TBD,no,yes
XBLAZE Code: Embryo,unknown,TBD,no,yes
Zen Pinball 2: Zen Pinball Classics,unknown,TBD,no,yes
Zeno Clash II,unknown,TBD,no,yes
Zombie Tycoon II: Brainhov's Revenge,unknown,TBD,no,yes
Zotrix,unknown,TBD,no,yes
